"Date","Spot exchange rate, Swiss Franc into Sterling              [a] [a] [a]             XUDLSFS"
"30 Oct 25","1.0544"
"29 Oct 25","1.0537"
"28 Oct 25","1.0526"
"27 Oct 25","1.0617"
"24 Oct 25","1.0578"
"23 Oct 25","1.0596"
"22 Oct 25","1.0626"
"21 Oct 25","1.0641"
"20 Oct 25","1.0609"
"17 Oct 25","1.0614"
"16 Oct 25","1.0681"
"15 Oct 25","1.0674"
"14 Oct 25","1.0663"
"13 Oct 25","1.0732"
"10 Oct 25","1.0707"
"09 Oct 25","1.0726"
"08 Oct 25","1.0744"
"07 Oct 25","1.0719"
"06 Oct 25","1.0721"
"03 Oct 25","1.0714"
"02 Oct 25","1.0714"
"01 Oct 25","1.0766"
"30 Sep 25","1.0711"
"29 Sep 25","1.0702"
"26 Sep 25","1.0701"
"25 Sep 25","1.0682"
"24 Sep 25","1.0685"
"23 Sep 25","1.0724"
"22 Sep 25","1.0711"
"19 Sep 25","1.0719"
"18 Sep 25","1.0738"
"17 Sep 25","1.0748"
"16 Sep 25","1.0756"
"15 Sep 25","1.0801"
"12 Sep 25","1.0803"
"11 Sep 25","1.079"
"10 Sep 25","1.0802"
"09 Sep 25","1.0767"
"08 Sep 25","1.0744"
"05 Sep 25","1.0786"
"04 Sep 25","1.083"
"03 Sep 25","1.0794"
"02 Sep 25","1.0754"
"01 Sep 25","1.0841"
"29 Aug 25","1.0795"
"28 Aug 25","1.0835"
"27 Aug 25","1.0821"
"26 Aug 25","1.0835"
"22 Aug 25","1.0841"
"21 Aug 25","1.0849"
"20 Aug 25","1.0828"
"19 Aug 25","1.0886"
"18 Aug 25","1.0909"
"15 Aug 25","1.0918"
"14 Aug 25","1.0941"
"13 Aug 25","1.0911"
"12 Aug 25","1.0915"
"11 Aug 25","1.0895"
"08 Aug 25","1.0852"
"07 Aug 25","1.083"
"06 Aug 25","1.0764"
"05 Aug 25","1.0729"
"04 Aug 25","1.0746"
"01 Aug 25","1.0696"
"31 Jul 25","1.0745"
"30 Jul 25","1.0776"
"29 Jul 25","1.076"
"28 Jul 25","1.0744"
"25 Jul 25","1.07"
"24 Jul 25","1.0764"
"23 Jul 25","1.0764"
"22 Jul 25","1.0742"
"21 Jul 25","1.0765"
"18 Jul 25","1.0755"
"17 Jul 25","1.0795"
"16 Jul 25","1.0773"
"15 Jul 25","1.0725"
"14 Jul 25","1.0714"
"11 Jul 25","1.0755"
"10 Jul 25","1.0809"
"09 Jul 25","1.0802"
"08 Jul 25","1.0809"
"07 Jul 25","1.0867"
"04 Jul 25","1.0825"
"03 Jul 25","1.0863"
"02 Jul 25","1.0786"
"01 Jul 25","1.0861"
"30 Jun 25","1.0908"
"27 Jun 25","1.0968"
"26 Jun 25","1.0984"
"25 Jun 25","1.098"
"24 Jun 25","1.097"
"23 Jun 25","1.0977"
"20 Jun 25","1.1012"
"19 Jun 25","1.0997"
"18 Jun 25","1.1002"
"17 Jun 25","1.1022"
"16 Jun 25","1.1024"
"13 Jun 25","1.1023"
"12 Jun 25","1.1054"
"11 Jun 25","1.1098"
"10 Jun 25","1.1108"
"09 Jun 25","1.113"
"06 Jun 25","1.1136"
"05 Jun 25","1.1143"
"04 Jun 25","1.1111"
"03 Jun 25","1.1137"
"02 Jun 25","1.1069"
"30 May 25","1.1075"
"29 May 25","1.1116"
"28 May 25","1.113"
"27 May 25","1.1179"
"23 May 25","1.1083"
"22 May 25","1.1126"
"21 May 25","1.1077"
"20 May 25","1.1112"
"19 May 25","1.1127"
"16 May 25","1.1134"
"15 May 25","1.1114"
"14 May 25","1.1167"
"13 May 25","1.116"
"12 May 25","1.1135"
"09 May 25","1.103"
"08 May 25","1.1009"
"07 May 25","1.0964"
"06 May 25","1.1019"
"02 May 25","1.0969"
"01 May 25","1.1067"
"30 Apr 25","1.0975"
"29 Apr 25","1.1035"
"28 Apr 25","1.1053"
"25 Apr 25","1.1042"
"24 Apr 25","1.1008"
"23 Apr 25","1.0993"
"22 Apr 25","1.0891"
"17 Apr 25","1.085"
"16 Apr 25","1.0809"
"15 Apr 25","1.0829"
"14 Apr 25","1.0776"
"11 Apr 25","1.064"
"10 Apr 25","1.0802"
"09 Apr 25","1.0722"
"08 Apr 25","1.0951"
"07 Apr 25","1.098"
"04 Apr 25","1.1079"
"03 Apr 25","1.127"
"02 Apr 25","1.1439"
"01 Apr 25","1.1407"
"31 Mar 25","1.142"
"28 Mar 25","1.1401"
"27 Mar 25","1.143"
"26 Mar 25","1.139"
"25 Mar 25","1.1418"
"24 Mar 25","1.1418"
"21 Mar 25","1.139"
"20 Mar 25","1.145"
"19 Mar 25","1.1411"
"18 Mar 25","1.1392"
"17 Mar 25","1.1442"
"14 Mar 25","1.1436"
"13 Mar 25","1.1454"
"12 Mar 25","1.1448"
"11 Mar 25","1.1393"
"10 Mar 25","1.1372"
"07 Mar 25","1.1358"
"06 Mar 25","1.1423"
"05 Mar 25","1.1433"
"04 Mar 25","1.1321"
"03 Mar 25","1.1408"
"28 Feb 25","1.1362"
"27 Feb 25","1.1355"
"26 Feb 25","1.1346"
"25 Feb 25","1.1307"
"24 Feb 25","1.1319"
"21 Feb 25","1.137"
"20 Feb 25","1.1373"
"19 Feb 25","1.1378"
"18 Feb 25","1.1374"
"17 Feb 25","1.1359"
"14 Feb 25","1.1328"
"13 Feb 25","1.1335"
"12 Feb 25","1.1357"
"11 Feb 25","1.1329"
"10 Feb 25","1.1279"
"07 Feb 25","1.1297"
"06 Feb 25","1.1237"
"05 Feb 25","1.1272"
"04 Feb 25","1.1302"
"03 Feb 25","1.1315"
"31 Jan 25","1.1284"
"30 Jan 25","1.1311"
"29 Jan 25","1.1271"
"28 Jan 25","1.1261"
"27 Jan 25","1.1234"
"24 Jan 25","1.1294"
"23 Jan 25","1.1205"
"22 Jan 25","1.1169"
"21 Jan 25","1.1163"
"20 Jan 25","1.1165"
"17 Jan 25","1.1145"
"16 Jan 25","1.1155"
"15 Jan 25","1.1176"
"14 Jan 25","1.1157"
"13 Jan 25","1.1174"
"10 Jan 25","1.1208"
"09 Jan 25","1.1223"
"08 Jan 25","1.1247"
"07 Jan 25","1.1346"
"06 Jan 25","1.1318"
"03 Jan 25","1.1296"
"02 Jan 25","1.1271"
"31 Dec 24","1.1355"
"30 Dec 24","1.1342"
"27 Dec 24","1.1337"
"24 Dec 24","1.1296"
"23 Dec 24","1.1267"
"20 Dec 24","1.1219"
"19 Dec 24","1.1268"
"18 Dec 24","1.1334"
"17 Dec 24","1.1368"
"16 Dec 24","1.1326"
"13 Dec 24","1.1272"
"12 Dec 24","1.1278"
"11 Dec 24","1.1268"
"10 Dec 24","1.124"
"09 Dec 24","1.1213"
"06 Dec 24","1.1178"
"05 Dec 24","1.1224"
"04 Dec 24","1.1231"
"03 Dec 24","1.1208"
"02 Dec 24","1.1212"
"29 Nov 24","1.1197"
"28 Nov 24","1.1201"
"27 Nov 24","1.117"
"26 Nov 24","1.115"
"25 Nov 24","1.1139"
"22 Nov 24","1.1195"
"21 Nov 24","1.1165"
"20 Nov 24","1.1205"
"19 Nov 24","1.1171"
"18 Nov 24","1.1196"
"15 Nov 24","1.1213"
"14 Nov 24","1.1279"
"13 Nov 24","1.1241"
"12 Nov 24","1.1261"
"11 Nov 24","1.1324"
"08 Nov 24","1.1302"
"07 Nov 24","1.1328"
"06 Nov 24","1.1282"
"05 Nov 24","1.1238"
"04 Nov 24","1.1199"
"01 Nov 24","1.1279"
"31 Oct 24","1.1117"
"30 Oct 24","1.1274"
"29 Oct 24","1.1294"
"28 Oct 24","1.1239"
"25 Oct 24","1.1253"
"24 Oct 24","1.1227"
"23 Oct 24","1.1226"
"22 Oct 24","1.1227"
"21 Oct 24","1.1247"
"18 Oct 24","1.1279"
"17 Oct 24","1.1243"
"16 Oct 24","1.1242"
"15 Oct 24","1.1287"
"14 Oct 24","1.1271"
"11 Oct 24","1.1209"
"10 Oct 24","1.1198"
"09 Oct 24","1.1232"
"08 Oct 24","1.1231"
"07 Oct 24","1.1196"
"04 Oct 24","1.126"
"03 Oct 24","1.1185"
"02 Oct 24","1.127"
"01 Oct 24","1.1231"
"30 Sep 24","1.1315"
"27 Sep 24","1.1287"
"26 Sep 24","1.1355"
"25 Sep 24","1.1353"
"24 Sep 24","1.1326"
"23 Sep 24","1.1318"
"20 Sep 24","1.1293"
"19 Sep 24","1.1239"
"18 Sep 24","1.1174"
"17 Sep 24","1.1163"
"16 Sep 24","1.1157"
"13 Sep 24","1.1152"
"12 Sep 24","1.1166"
"11 Sep 24","1.1044"
"10 Sep 24","1.1067"
"09 Sep 24","1.1083"
"06 Sep 24","1.1089"
"05 Sep 24","1.1162"
"04 Sep 24","1.1157"
"03 Sep 24","1.1128"
"02 Sep 24","1.1193"
"30 Aug 24","1.115"
"29 Aug 24","1.1163"
"28 Aug 24","1.1126"
"27 Aug 24","1.1156"
"23 Aug 24","1.1197"
"22 Aug 24","1.1167"
"21 Aug 24","1.1145"
"20 Aug 24","1.117"
"19 Aug 24","1.1213"
"16 Aug 24","1.1193"
"15 Aug 24","1.1196"
"14 Aug 24","1.1099"
"13 Aug 24","1.1099"
"12 Aug 24","1.11"
"09 Aug 24","1.1037"
"08 Aug 24","1.0996"
"07 Aug 24","1.0999"
"06 Aug 24","1.0832"
"05 Aug 24","1.0831"
"02 Aug 24","1.1002"
"01 Aug 24","1.118"
"31 Jul 24","1.1303"
"30 Jul 24","1.1366"
"29 Jul 24","1.1387"
"26 Jul 24","1.1349"
"25 Jul 24","1.1329"
"24 Jul 24","1.1417"
"23 Jul 24","1.1518"
"22 Jul 24","1.1485"
"19 Jul 24","1.1478"
"18 Jul 24","1.1475"
"17 Jul 24","1.1534"
"16 Jul 24","1.1602"
"15 Jul 24","1.162"
"12 Jul 24","1.1616"
"11 Jul 24","1.155"
"10 Jul 24","1.1541"
"09 Jul 24","1.1488"
"08 Jul 24","1.1511"
"05 Jul 24","1.1493"
"04 Jul 24","1.1486"
"03 Jul 24","1.15"
"02 Jul 24","1.145"
"01 Jul 24","1.1432"
"28 Jun 24","1.1364"
"27 Jun 24","1.1347"
"26 Jun 24","1.1324"
"25 Jun 24","1.1335"
"24 Jun 24","1.1341"
"21 Jun 24","1.1282"
"20 Jun 24","1.1294"
"19 Jun 24","1.126"
"18 Jun 24","1.1224"
"17 Jun 24","1.1312"
"14 Jun 24","1.128"
"13 Jun 24","1.1418"
"12 Jun 24","1.1441"
"11 Jun 24","1.1429"
"10 Jun 24","1.1408"
"07 Jun 24","1.1408"
"06 Jun 24","1.1396"
"05 Jun 24","1.1415"
"04 Jun 24","1.1379"
"03 Jun 24","1.1455"
"31 May 24","1.1486"
"30 May 24","1.1513"
"29 May 24","1.161"
"28 May 24","1.1631"
"24 May 24","1.1649"
"23 May 24","1.1614"
"22 May 24","1.1635"
"21 May 24","1.157"
"20 May 24","1.155"
"17 May 24","1.1517"
"16 May 24","1.1456"
"15 May 24","1.1445"
"14 May 24","1.1408"
"13 May 24","1.1383"
"10 May 24","1.1352"
"09 May 24","1.1345"
"08 May 24","1.1345"
"07 May 24","1.1382"
"03 May 24","1.135"
"02 May 24","1.1405"
"01 May 24","1.1483"
"30 Apr 24","1.148"
"29 Apr 24","1.1429"
"26 Apr 24","1.1395"
"25 Apr 24","1.141"
"24 Apr 24","1.1362"
"23 Apr 24","1.1319"
"22 Apr 24","1.1237"
"19 Apr 24","1.1307"
"18 Apr 24","1.135"
"17 Apr 24","1.1367"
"16 Apr 24","1.1357"
"15 Apr 24","1.138"
"12 Apr 24","1.1326"
"11 Apr 24","1.1409"
"10 Apr 24","1.1459"
"09 Apr 24","1.1452"
"08 Apr 24","1.1444"
"05 Apr 24","1.1376"
"04 Apr 24","1.1463"
"03 Apr 24","1.143"
"02 Apr 24","1.1388"
"28 Mar 24","1.1378"
"27 Mar 24","1.1437"
"26 Mar 24","1.14"
"25 Mar 24","1.136"
"22 Mar 24","1.1319"
"21 Mar 24","1.1392"
"20 Mar 24","1.1328"
"19 Mar 24","1.129"
"18 Mar 24","1.1284"
"15 Mar 24","1.1258"
"14 Mar 24","1.1262"
"13 Mar 24","1.1236"
"12 Mar 24","1.1228"
"11 Mar 24","1.1247"
"08 Mar 24","1.1275"
"07 Mar 24","1.1242"
"06 Mar 24","1.1237"
"05 Mar 24","1.1239"
"04 Mar 24","1.1234"
"01 Mar 24","1.1198"
"29 Feb 24","1.1141"
"28 Feb 24","1.1136"
"27 Feb 24","1.1152"
"26 Feb 24","1.1169"
"23 Feb 24","1.1168"
"22 Feb 24","1.1132"
"21 Feb 24","1.111"
"20 Feb 24","1.1143"
"19 Feb 24","1.1102"
"16 Feb 24","1.1085"
"15 Feb 24","1.1078"
"14 Feb 24","1.1125"
"13 Feb 24","1.117"
"12 Feb 24","1.1054"
"09 Feb 24","1.1053"
"08 Feb 24","1.1025"
"07 Feb 24","1.1013"
"06 Feb 24","1.0948"
"05 Feb 24","1.0912"
"02 Feb 24","1.0955"
"01 Feb 24","1.0926"
"31 Jan 24","1.0925"
"30 Jan 24","1.0937"
"29 Jan 24","1.0953"
"26 Jan 24","1.0981"
"25 Jan 24","1.1022"
"24 Jan 24","1.1008"
"23 Jan 24","1.1038"
"22 Jan 24","1.1057"
"19 Jan 24","1.1019"
"18 Jan 24","1.101"
"17 Jan 24","1.099"
"16 Jan 24","1.0883"
"15 Jan 24","1.0887"
"12 Jan 24","1.0859"
"11 Jan 24","1.0867"
"10 Jan 24","1.0842"
"09 Jan 24","1.0828"
"08 Jan 24","1.0791"
"05 Jan 24","1.0803"
"04 Jan 24","1.079"
"03 Jan 24","1.0765"
"02 Jan 24","1.0714"
"29 Dec 23","1.0727"
"28 Dec 23","1.0677"
"27 Dec 23","1.0821"
"22 Dec 23","1.088"
"21 Dec 23","1.0843"
"20 Dec 23","1.0908"
"19 Dec 23","1.0951"
"18 Dec 23","1.0975"
"15 Dec 23","1.1009"
"14 Dec 23","1.1051"
"13 Dec 23","1.0974"
"12 Dec 23","1.1007"
"11 Dec 23","1.1036"
"08 Dec 23","1.1037"
"07 Dec 23","1.1021"
"06 Dec 23","1.1001"
"05 Dec 23","1.1025"
"04 Dec 23","1.1022"
"01 Dec 23","1.1021"
"30 Nov 23","1.1009"
"29 Nov 23","1.0975"
"28 Nov 23","1.1141"
"27 Nov 23","1.1108"
"24 Nov 23","1.1124"
"23 Nov 23","1.1074"
"22 Nov 23","1.1035"
"21 Nov 23","1.1068"
"20 Nov 23","1.1045"
"17 Nov 23","1.1021"
"16 Nov 23","1.1039"
"15 Nov 23","1.1028"
"14 Nov 23","1.1112"
"13 Nov 23","1.1058"
"10 Nov 23","1.1016"
"09 Nov 23","1.1051"
"08 Nov 23","1.1045"
"07 Nov 23","1.1077"
"06 Nov 23","1.1118"
"03 Nov 23","1.1116"
"02 Nov 23","1.1031"
"01 Nov 23","1.1038"
"31 Oct 23","1.1042"
"30 Oct 23","1.0962"
"27 Oct 23","1.0957"
"26 Oct 23","1.0896"
"25 Oct 23","1.0866"
"24 Oct 23","1.0879"
"23 Oct 23","1.0901"
"20 Oct 23","1.0833"
"19 Oct 23","1.089"
"18 Oct 23","1.0907"
"17 Oct 23","1.0969"
"16 Oct 23","1.0987"
"13 Oct 23","1.0986"
"12 Oct 23","1.1068"
"11 Oct 23","1.111"
"10 Oct 23","1.11"
"09 Oct 23","1.1079"
"06 Oct 23","1.1137"
"05 Oct 23","1.1115"
"04 Oct 23","1.1137"
"03 Oct 23","1.1127"
"02 Oct 23","1.1139"
"29 Sep 23","1.1166"
"28 Sep 23","1.1181"
"27 Sep 23","1.1157"
"26 Sep 23","1.1118"
"25 Sep 23","1.1139"
"22 Sep 23","1.1108"
"21 Sep 23","1.1092"
"20 Sep 23","1.1091"
"19 Sep 23","1.1133"
"18 Sep 23","1.1116"
"15 Sep 23","1.1118"
"14 Sep 23","1.1105"
"13 Sep 23","1.115"
"12 Sep 23","1.113"
"11 Sep 23","1.117"
"08 Sep 23","1.1133"
"07 Sep 23","1.1141"
"06 Sep 23","1.1156"
"05 Sep 23","1.1164"
"04 Sep 23","1.1167"
"01 Sep 23","1.1155"
"31 Aug 23","1.1193"
"30 Aug 23","1.1159"
"29 Aug 23","1.11"
"25 Aug 23","1.1135"
"24 Aug 23","1.1154"
"23 Aug 23","1.1155"
"22 Aug 23","1.1207"
"21 Aug 23","1.1205"
"18 Aug 23","1.1208"
"17 Aug 23","1.1204"
"16 Aug 23","1.1209"
"15 Aug 23","1.1162"
"14 Aug 23","1.1133"
"11 Aug 23","1.1132"
"10 Aug 23","1.1127"
"09 Aug 23","1.1163"
"08 Aug 23","1.1143"
"07 Aug 23","1.1169"
"04 Aug 23","1.1123"
"03 Aug 23","1.1117"
"02 Aug 23","1.1135"
"01 Aug 23","1.1169"
"31 Jul 23","1.1155"
"28 Jul 23","1.116"
"27 Jul 23","1.1164"
"26 Jul 23","1.1155"
"25 Jul 23","1.1133"
"24 Jul 23","1.11"
"21 Jul 23","1.1124"
"20 Jul 23","1.1121"
"19 Jul 23","1.1075"
"18 Jul 23","1.122"
"17 Jul 23","1.1254"
"14 Jul 23","1.1282"
"13 Jul 23","1.1266"
"12 Jul 23","1.1271"
"11 Jul 23","1.1378"
"10 Jul 23","1.1384"
"07 Jul 23","1.1414"
"06 Jul 23","1.1385"
"05 Jul 23","1.1416"
"04 Jul 23","1.1401"
"03 Jul 23","1.1375"
"30 Jun 23","1.1374"
"29 Jun 23","1.132"
"28 Jun 23","1.1319"
"27 Jun 23","1.1419"
"26 Jun 23","1.1373"
"23 Jun 23","1.1414"
"22 Jun 23","1.1425"
"21 Jun 23","1.1396"
"20 Jun 23","1.1449"
"19 Jun 23","1.1468"
"16 Jun 23","1.1455"
"15 Jun 23","1.1396"
"14 Jun 23","1.14"
"13 Jun 23","1.1412"
"12 Jun 23","1.1377"
"09 Jun 23","1.1348"
"08 Jun 23","1.1295"
"07 Jun 23","1.1313"
"06 Jun 23","1.1274"
"05 Jun 23","1.1247"
"02 Jun 23","1.1329"
"01 Jun 23","1.1379"
"31 May 23","1.1328"
"30 May 23","1.1217"
"26 May 23","1.1188"
"25 May 23","1.1195"
"24 May 23","1.1187"
"23 May 23","1.1179"
"22 May 23","1.117"
"19 May 23","1.1219"
"18 May 23","1.1234"
"17 May 23","1.1208"
"16 May 23","1.1198"
"15 May 23","1.1201"
"12 May 23","1.1191"
"11 May 23","1.1201"
"10 May 23","1.1222"
"09 May 23","1.1241"
"05 May 23","1.1265"
"04 May 23","1.115"
"03 May 23","1.1126"
"02 May 23","1.1156"
"28 Apr 23","1.1188"
"27 Apr 23","1.1185"
"26 Apr 23","1.1104"
"25 Apr 23","1.1068"
"24 Apr 23","1.1076"
"21 Apr 23","1.1079"
"20 Apr 23","1.1132"
"19 Apr 23","1.1185"
"18 Apr 23","1.1156"
"17 Apr 23","1.1112"
"14 Apr 23","1.1124"
"13 Apr 23","1.112"
"12 Apr 23","1.1186"
"11 Apr 23","1.1238"
"06 Apr 23","1.1243"
"05 Apr 23","1.1265"
"04 Apr 23","1.1357"
"03 Apr 23","1.1317"
"31 Mar 23","1.1291"
"30 Mar 23","1.1307"
"29 Mar 23","1.1322"
"28 Mar 23","1.134"
"27 Mar 23","1.125"
"24 Mar 23","1.1224"
"23 Mar 23","1.1265"
"22 Mar 23","1.1297"
"21 Mar 23","1.1267"
"20 Mar 23","1.1358"
"17 Mar 23","1.1272"
"16 Mar 23","1.1261"
"15 Mar 23","1.1117"
"14 Mar 23","1.1099"
"13 Mar 23","1.1089"
"10 Mar 23","1.1128"
"09 Mar 23","1.1148"
"08 Mar 23","1.0553"
"07 Mar 23","1.1166"
"06 Mar 23","1.1222"
"03 Mar 23","1.1254"
"02 Mar 23","1.1255"
"01 Mar 23","1.1276"
"28 Feb 23","1.1348"
"27 Feb 23","1.1273"
"24 Feb 23","1.1223"
"23 Feb 23","1.1223"
"22 Feb 23","1.122"
"21 Feb 23","1.1237"
"20 Feb 23","1.1107"
"17 Feb 23","1.1131"
"16 Feb 23","1.1121"
"15 Feb 23","1.1109"
"14 Feb 23","1.1211"
"13 Feb 23","1.1178"
"10 Feb 23","1.1158"
"09 Feb 23","1.1189"
"08 Feb 23","1.1122"
"07 Feb 23","1.1091"
"06 Feb 23","1.115"
"03 Feb 23","1.117"
"02 Feb 23","1.1185"
"01 Feb 23","1.1272"
"31 Jan 23","1.1303"
"30 Jan 23","1.1426"
"27 Jan 23","1.141"
"26 Jan 23","1.1392"
"25 Jan 23","1.1372"
"24 Jan 23","1.1368"
"23 Jan 23","1.1413"
"20 Jan 23","1.1388"
"19 Jan 23","1.1333"
"18 Jan 23","1.1316"
"17 Jan 23","1.1305"
"16 Jan 23","1.1305"
"13 Jan 23","1.1315"
"12 Jan 23","1.1319"
"11 Jan 23","1.1282"
"10 Jan 23","1.1213"
"09 Jan 23","1.1198"
"06 Jan 23","1.1217"
"05 Jan 23","1.1139"
"04 Jan 23","1.1196"
"03 Jan 23","1.1266"
"30 Dec 22","1.1108"
"29 Dec 22","1.113"
"28 Dec 22","1.1174"
"23 Dec 22","1.1229"
"22 Dec 22","1.1193"
"21 Dec 22","1.1217"
"20 Dec 22","1.124"
"19 Dec 22","1.1322"
"16 Dec 22","1.133"
"15 Dec 22","1.1346"
"14 Dec 22","1.146"
"13 Dec 22","1.1485"
"12 Dec 22","1.1469"
"09 Dec 22","1.1471"
"08 Dec 22","1.1437"
"07 Dec 22","1.1455"
"06 Dec 22","1.149"
"05 Dec 22","1.1463"
"02 Dec 22","1.1496"
"01 Dec 22","1.1521"
"30 Nov 22","1.1351"
"29 Nov 22","1.1418"
"28 Nov 22","1.1375"
"25 Nov 22","1.1448"
"24 Nov 22","1.1458"
"23 Nov 22","1.1369"
"22 Nov 22","1.1317"
"21 Nov 22","1.1296"
"18 Nov 22","1.1347"
"17 Nov 22","1.1247"
"16 Nov 22","1.1205"
"15 Nov 22","1.1237"
"14 Nov 22","1.1093"
"11 Nov 22","1.1136"
"10 Nov 22","1.1296"
"09 Nov 22","1.1195"
"08 Nov 22","1.1388"
"07 Nov 22","1.1344"
"04 Nov 22","1.1257"
"03 Nov 22","1.1329"
"02 Nov 22","1.1452"
"01 Nov 22","1.1455"
"31 Oct 22","1.1521"
"28 Oct 22","1.155"
"27 Oct 22","1.1462"
"26 Oct 22","1.1456"
"25 Oct 22","1.1412"
"24 Oct 22","1.132"
"21 Oct 22","1.1253"
"20 Oct 22","1.1328"
"19 Oct 22","1.1304"
"18 Oct 22","1.1261"
"17 Oct 22","1.1394"
"14 Oct 22","1.1288"
"13 Oct 22","1.1283"
"12 Oct 22","1.1058"
"11 Oct 22","1.1053"
"10 Oct 22","1.1047"
"07 Oct 22","1.1035"
"06 Oct 22","1.1078"
"05 Oct 22","1.1082"
"04 Oct 22","1.1192"
"03 Oct 22","1.1177"
"30 Sep 22","1.0994"
"29 Sep 22","1.0824"
"28 Sep 22","1.0535"
"27 Sep 22","1.0663"
"26 Sep 22","1.069"
"23 Sep 22","1.0699"
"22 Sep 22","1.1059"
"21 Sep 22","1.0935"
"20 Sep 22","1.1014"
"16 Sep 22","1.1"
"15 Sep 22","1.1038"
"14 Sep 22","1.1118"
"13 Sep 22","1.1089"
"12 Sep 22","1.114"
"09 Sep 22","1.1137"
"08 Sep 22","1.1184"
"07 Sep 22","1.1259"
"06 Sep 22","1.1345"
"05 Sep 22","1.1294"
"02 Sep 22","1.1344"
"01 Sep 22","1.135"
"31 Aug 22","1.1358"
"30 Aug 22","1.1354"
"26 Aug 22","1.1358"
"25 Aug 22","1.1399"
"24 Aug 22","1.1411"
"23 Aug 22","1.1406"
"22 Aug 22","1.1358"
"19 Aug 22","1.1322"
"18 Aug 22","1.1456"
"17 Aug 22","1.148"
"16 Aug 22","1.1498"
"15 Aug 22","1.1404"
"12 Aug 22","1.1443"
"11 Aug 22","1.1484"
"10 Aug 22","1.1526"
"09 Aug 22","1.1514"
"08 Aug 22","1.1554"
"05 Aug 22","1.1615"
"04 Aug 22","1.1593"
"03 Aug 22","1.1676"
"02 Aug 22","1.1655"
"01 Aug 22","1.1664"
"29 Jul 22","1.1583"
"28 Jul 22","1.1586"
"27 Jul 22","1.1603"
"26 Jul 22","1.1603"
"25 Jul 22","1.1622"
"22 Jul 22","1.1568"
"21 Jul 22","1.1583"
"20 Jul 22","1.1642"
"19 Jul 22","1.1648"
"18 Jul 22","1.1712"
"15 Jul 22","1.1605"
"14 Jul 22","1.1614"
"13 Jul 22","1.1688"
"12 Jul 22","1.1665"
"11 Jul 22","1.1643"
"08 Jul 22","1.174"
"07 Jul 22","1.1676"
"06 Jul 22","1.1557"
"05 Jul 22","1.156"
"04 Jul 22","1.1649"
"01 Jul 22","1.1562"
"30 Jun 22","1.1628"
"29 Jun 22","1.155"
"28 Jun 22","1.1684"
"27 Jun 22","1.1765"
"24 Jun 22","1.1735"
"23 Jun 22","1.173"
"22 Jun 22","1.1753"
"21 Jun 22","1.1835"
"20 Jun 22","1.1849"
"17 Jun 22","1.1843"
"16 Jun 22","1.1897"
"15 Jun 22","1.2077"
"14 Jun 22","1.2003"
"13 Jun 22","1.2097"
"10 Jun 22","1.2196"
"09 Jun 22","1.2284"
"08 Jun 22","1.2228"
"07 Jun 22","1.2234"
"06 Jun 22","1.2133"
"01 Jun 22","1.2044"
"31 May 22","1.2079"
"30 May 22","1.211"
"27 May 22","1.207"
"26 May 22","1.2078"
"25 May 22","1.2077"
"24 May 22","1.2019"
"23 May 22","1.2135"
"20 May 22","1.2158"
"19 May 22","1.2141"
"18 May 22","1.2281"
"17 May 22","1.2381"
"16 May 22","1.231"
"13 May 22","1.2244"
"12 May 22","1.2206"
"11 May 22","1.2226"
"10 May 22","1.2234"
"09 May 22","1.226"
"06 May 22","1.2167"
"05 May 22","1.219"
"04 May 22","1.2283"
"03 May 22","1.2239"
"29 Apr 22","1.2186"
"28 Apr 22","1.2087"
"27 Apr 22","1.2128"
"26 Apr 22","1.2119"
"25 Apr 22","1.2188"
"22 Apr 22","1.2304"
"21 Apr 22","1.2407"
"20 Apr 22","1.2346"
"19 Apr 22","1.2333"
"14 Apr 22","1.2299"
"13 Apr 22","1.2184"
"12 Apr 22","1.2128"
"11 Apr 22","1.2141"
"08 Apr 22","1.2154"
"07 Apr 22","1.2194"
"06 Apr 22","1.2209"
"05 Apr 22","1.2176"
"04 Apr 22","1.2143"
"01 Apr 22","1.2143"
"31 Mar 22","1.2117"
"30 Mar 22","1.2149"
"29 Mar 22","1.2239"
"28 Mar 22","1.2233"
"25 Mar 22","1.2275"
"24 Mar 22","1.2273"
"23 Mar 22","1.2314"
"22 Mar 22","1.2365"
"21 Mar 22","1.2282"
"18 Mar 22","1.229"
"17 Mar 22","1.2302"
"16 Mar 22","1.2328"
"15 Mar 22","1.2301"
"14 Mar 22","1.2211"
"11 Mar 22","1.2208"
"10 Mar 22","1.2177"
"09 Mar 22","1.2194"
"08 Mar 22","1.218"
"07 Mar 22","1.2159"
"04 Mar 22","1.2146"
"03 Mar 22","1.2278"
"02 Mar 22","1.2288"
"01 Mar 22","1.2276"
"28 Feb 22","1.2311"
"25 Feb 22","1.245"
"24 Feb 22","1.2325"
"23 Feb 22","1.2437"
"22 Feb 22","1.2521"
"21 Feb 22","1.2457"
"18 Feb 22","1.252"
"17 Feb 22","1.2533"
"16 Feb 22","1.253"
"15 Feb 22","1.2531"
"14 Feb 22","1.2516"
"11 Feb 22","1.2592"
"10 Feb 22","1.2585"
"09 Feb 22","1.2515"
"08 Feb 22","1.2534"
"07 Feb 22","1.249"
"04 Feb 22","1.2518"
"03 Feb 22","1.2508"
"02 Feb 22","1.246"
"01 Feb 22","1.2471"
"31 Jan 22","1.2492"
"28 Jan 22","1.2479"
"27 Jan 22","1.2471"
"26 Jan 22","1.2452"
"25 Jan 22","1.2396"
"24 Jan 22","1.2329"
"21 Jan 22","1.2352"
"20 Jan 22","1.249"
"19 Jan 22","1.2451"
"18 Jan 22","1.2451"
"17 Jan 22","1.2476"
"14 Jan 22","1.2479"
"13 Jan 22","1.2502"
"12 Jan 22","1.2528"
"11 Jan 22","1.2589"
"10 Jan 22","1.2545"
"07 Jan 22","1.2486"
"06 Jan 22","1.2438"
"05 Jan 22","1.2411"
"04 Jan 22","1.239"
"31 Dec 21","1.2305"
"30 Dec 21","1.2337"
"29 Dec 21","1.2319"
"24 Dec 21","1.2306"
"23 Dec 21","1.234"
"22 Dec 21","1.2283"
"21 Dec 21","1.2242"
"20 Dec 21","1.2177"
"17 Dec 21","1.2232"
"16 Dec 21","1.2287"
"15 Dec 21","1.224"
"14 Dec 21","1.2227"
"13 Dec 21","1.2194"
"10 Dec 21","1.2195"
"09 Dec 21","1.2223"
"08 Dec 21","1.2192"
"07 Dec 21","1.226"
"06 Dec 21","1.2254"
"03 Dec 21","1.2164"
"02 Dec 21","1.2234"
"01 Dec 21","1.2246"
"30 Nov 21","1.2239"
"29 Nov 21","1.2297"
"26 Nov 21","1.2304"
"25 Nov 21","1.2464"
"24 Nov 21","1.248"
"23 Nov 21","1.2466"
"22 Nov 21","1.2484"
"19 Nov 21","1.2474"
"18 Nov 21","1.2482"
"17 Nov 21","1.2517"
"16 Nov 21","1.2463"
"15 Nov 21","1.2385"
"12 Nov 21","1.2345"
"11 Nov 21","1.2327"
"10 Nov 21","1.2347"
"09 Nov 21","1.2373"
"08 Nov 21","1.2388"
"05 Nov 21","1.2321"
"04 Nov 21","1.2317"
"03 Nov 21","1.2458"
"02 Nov 21","1.2449"
"01 Nov 21","1.2455"
"29 Oct 21","1.2527"
"28 Oct 21","1.2608"
"27 Oct 21","1.2579"
"26 Oct 21","1.2683"
"25 Oct 21","1.2657"
"22 Oct 21","1.2614"
"21 Oct 21","1.269"
"20 Oct 21","1.2705"
"19 Oct 21","1.271"
"18 Oct 21","1.2676"
"15 Oct 21","1.2709"
"14 Oct 21","1.2638"
"13 Oct 21","1.2627"
"12 Oct 21","1.2638"
"11 Oct 21","1.2626"
"08 Oct 21","1.2639"
"07 Oct 21","1.2629"
"06 Oct 21","1.2589"
"05 Oct 21","1.2646"
"04 Oct 21","1.2568"
"01 Oct 21","1.2591"
"30 Sep 21","1.2582"
"29 Sep 21","1.2528"
"28 Sep 21","1.2572"
"27 Sep 21","1.2692"
"24 Sep 21","1.2647"
"23 Sep 21","1.2677"
"22 Sep 21","1.2588"
"21 Sep 21","1.2592"
"20 Sep 21","1.2684"
"17 Sep 21","1.2806"
"16 Sep 21","1.2754"
"15 Sep 21","1.2712"
"14 Sep 21","1.2734"
"13 Sep 21","1.2754"
"10 Sep 21","1.2708"
"09 Sep 21","1.2716"
"08 Sep 21","1.267"
"07 Sep 21","1.2658"
"06 Sep 21","1.2668"
"03 Sep 21","1.267"
"02 Sep 21","1.2649"
"01 Sep 21","1.2603"
"31 Aug 21","1.2606"
"27 Aug 21","1.2558"
"26 Aug 21","1.2592"
"25 Aug 21","1.2558"
"24 Aug 21","1.2524"
"23 Aug 21","1.2533"
"20 Aug 21","1.2498"
"19 Aug 21","1.2541"
"18 Aug 21","1.2624"
"17 Aug 21","1.2561"
"16 Aug 21","1.2626"
"13 Aug 21","1.2695"
"12 Aug 21","1.2777"
"11 Aug 21","1.2778"
"10 Aug 21","1.2774"
"09 Aug 21","1.2732"
"06 Aug 21","1.2684"
"05 Aug 21","1.2633"
"04 Aug 21","1.2608"
"03 Aug 21","1.2561"
"02 Aug 21","1.2568"
"30 Jul 21","1.2605"
"29 Jul 21","1.2661"
"28 Jul 21","1.2681"
"27 Jul 21","1.269"
"26 Jul 21","1.2666"
"23 Jul 21","1.2661"
"22 Jul 21","1.2634"
"21 Jul 21","1.2565"
"20 Jul 21","1.2552"
"19 Jul 21","1.255"
"16 Jul 21","1.2677"
"15 Jul 21","1.2737"
"14 Jul 21","1.2705"
"13 Jul 21","1.2682"
"12 Jul 21","1.2712"
"09 Jul 21","1.2665"
"08 Jul 21","1.2575"
"07 Jul 21","1.2749"
"06 Jul 21","1.2755"
"05 Jul 21","1.276"
"02 Jul 21","1.2729"
"01 Jul 21","1.2746"
"30 Jun 21","1.2772"
"29 Jun 21","1.274"
"28 Jun 21","1.2759"
"25 Jun 21","1.2748"
"24 Jun 21","1.2772"
"23 Jun 21","1.2807"
"22 Jun 21","1.281"
"21 Jun 21","1.2772"
"18 Jun 21","1.2741"
"17 Jun 21","1.2771"
"16 Jun 21","1.2687"
"15 Jun 21","1.2656"
"14 Jun 21","1.2695"
"11 Jun 21","1.2695"
"10 Jun 21","1.2671"
"09 Jun 21","1.2654"
"08 Jun 21","1.268"
"07 Jun 21","1.2722"
"04 Jun 21","1.2746"
"03 Jun 21","1.2822"
"02 Jun 21","1.2727"
"01 Jun 21","1.2689"
"28 May 21","1.276"
"27 May 21","1.2732"
"26 May 21","1.2675"
"25 May 21","1.2667"
"24 May 21","1.2698"
"21 May 21","1.2723"
"20 May 21","1.2739"
"19 May 21","1.274"
"18 May 21","1.275"
"17 May 21","1.2729"
"14 May 21","1.2717"
"13 May 21","1.2734"
"12 May 21","1.281"
"11 May 21","1.2761"
"10 May 21","1.2717"
"07 May 21","1.2622"
"06 May 21","1.2616"
"05 May 21","1.2703"
"04 May 21","1.2656"
"30 Apr 21","1.2629"
"29 Apr 21","1.2707"
"28 Apr 21","1.2699"
"27 Apr 21","1.2702"
"26 Apr 21","1.2701"
"23 Apr 21","1.2689"
"22 Apr 21","1.2705"
"21 Apr 21","1.278"
"20 Apr 21","1.2749"
"19 Apr 21","1.2801"
"16 Apr 21","1.2696"
"15 Apr 21","1.2718"
"14 Apr 21","1.2718"
"13 Apr 21","1.2668"
"12 Apr 21","1.2676"
"09 Apr 21","1.2703"
"08 Apr 21","1.2705"
"07 Apr 21","1.2788"
"06 Apr 21","1.2932"
"01 Apr 21","1.3035"
"31 Mar 21","1.2982"
"30 Mar 21","1.2932"
"29 Mar 21","1.2929"
"26 Mar 21","1.2963"
"25 Mar 21","1.289"
"24 Mar 21","1.2837"
"23 Mar 21","1.2867"
"22 Mar 21","1.2791"
"19 Mar 21","1.2902"
"18 Mar 21","1.294"
"17 Mar 21","1.2886"
"16 Mar 21","1.2867"
"15 Mar 21","1.2869"
"12 Mar 21","1.2912"
"11 Mar 21","1.2931"
"10 Mar 21","1.2949"
"09 Mar 21","1.2926"
"08 Mar 21","1.2924"
"05 Mar 21","1.2869"
"04 Mar 21","1.2944"
"03 Mar 21","1.282"
"02 Mar 21","1.276"
"01 Mar 21","1.2728"
"26 Feb 21","1.2655"
"25 Feb 21","1.277"
"24 Feb 21","1.2821"
"23 Feb 21","1.27"
"22 Feb 21","1.2603"
"19 Feb 21","1.2543"
"18 Feb 21","1.2517"
"17 Feb 21","1.2447"
"16 Feb 21","1.2412"
"15 Feb 21","1.238"
"12 Feb 21","1.2348"
"11 Feb 21","1.2312"
"10 Feb 21","1.2328"
"09 Feb 21","1.2324"
"08 Feb 21","1.2352"
"05 Feb 21","1.2358"
"04 Feb 21","1.2338"
"03 Feb 21","1.2276"
"02 Feb 21","1.2248"
"01 Feb 21","1.2237"
"29 Jan 21","1.2211"
"28 Jan 21","1.2189"
"27 Jan 21","1.2191"
"26 Jan 21","1.2193"
"25 Jan 21","1.2149"
"22 Jan 21","1.2103"
"21 Jan 21","1.2167"
"20 Jan 21","1.2139"
"19 Jan 21","1.2098"
"18 Jan 21","1.209"
"15 Jan 21","1.2091"
"14 Jan 21","1.2156"
"13 Jan 21","1.2103"
"12 Jan 21","1.2119"
"11 Jan 21","1.2025"
"08 Jan 21","1.2003"
"07 Jan 21","1.1978"
"06 Jan 21","1.194"
"05 Jan 21","1.1955"
"04 Jan 21","1.1945"
"31 Dec 20","1.2022"
"30 Dec 20","1.2013"
"29 Dec 20","1.1938"
"24 Dec 20","1.2076"
"23 Dec 20","1.2026"
"22 Dec 20","1.1847"
"21 Dec 20","1.1818"
"18 Dec 20","1.194"
"17 Dec 20","1.2021"
"16 Dec 20","1.1942"
"15 Dec 20","1.1918"
"14 Dec 20","1.1841"
"11 Dec 20","1.1773"
"10 Dec 20","1.1775"
"09 Dec 20","1.1924"
"08 Dec 20","1.1875"
"07 Dec 20","1.1834"
"04 Dec 20","1.2004"
"03 Dec 20","1.2019"
"02 Dec 20","1.1949"
"01 Dec 20","1.2042"
"30 Nov 20","1.2086"
"27 Nov 20","1.2076"
"26 Nov 20","1.209"
"25 Nov 20","1.2171"
"24 Nov 20","1.2178"
"23 Nov 20","1.2147"
"20 Nov 20","1.2109"
"19 Nov 20","1.2066"
"18 Nov 20","1.2099"
"17 Nov 20","1.2075"
"16 Nov 20","1.2024"
"13 Nov 20","1.2022"
"12 Nov 20","1.2"
"11 Nov 20","1.2119"
"10 Nov 20","1.21"
"09 Nov 20","1.198"
"06 Nov 20","1.1835"
"05 Nov 20","1.1797"
"04 Nov 20","1.1851"
"03 Nov 20","1.1929"
"02 Nov 20","1.1867"